Perimetro,Area,Clase
667.9970414,3793,Hoja
784.2468248,2574,Helecho
367.747258,3582,Hoja
901.5950212,5068,Helecho
949.175757,12216,Hoja
763.2691193,980,Helecho
197.5807358,3370,Hoja
799.6194078,1669,Helecho
452.4751801,3585,Hoja
1564.482323,2964,Helecho
607.3279938,6196,Hoja
1180.123,8128,Hoja
